{
    "providers": [
        {
            "type": "bitmap",
            "file": "minecraft:ranks/member.png",
            "ascent": 8,
            "height": 8,
            "chars": ["\uE800"]
        },
        {
            "type": "bitmap",
            "file": "minecraft:ranks/mod.png",
            "ascent": 8,
            "height": 8,
            "chars": ["\uE801"]
        },
        {
            "type": "bitmap",
            "file": "minecraft:ranks/god.png",
            "ascent": 8,
            "height": 8,
            "chars": ["\uE802"]
        },
        {
            "type": "bitmap",
            "file": "minecraft:ranks/vip.png",
            "ascent": 8,
            "height": 8,
            "chars": ["\uE803"]
       }
  ]
}